Name,Frequency,Lithography,Platform,Price,Year
i7-7Y75,1.3,14,Mobile,393.0,2016
i5-8250U,1.6,14,Mobile,297.0,2017
i7-8550U,1.8,14,Mobile,409.0,2017
i7-3820,3.6,32,Desktop,305.0,2012
i5-7Y57,1.2,14,Mobile,281.0,2017
3205U,1.5,14,Mobile,107.0,2015
G1610,2.6,22,Desktop,42.0,2013
2020M,2.4,22,Mobile,134.0,2012
3825U,1.9,14,Mobile,161.0,2015
4405U,2.1,14,Mobile,161.0,2015
N3710,1.6,14,Mobile,161.0,2016
J2850,2.41,22,Desktop,94.0,2013
J2900,2.41,22,Desktop,94.0,2013
N3700,1.6,14,Mobile,161.0,2015
N3520,2.17,22,Mobile,161.0,2013
N3530,2.16,22,Mobile,161.0,2014
N3540,2.16,22,Mobile,161.0,2014
N4200,1.1,14,Mobile,161.0,2016
4405Y,1.5,14,Mobile,161.0,2015
4415Y,1.6,14,Mobile,161.0,2017
4410Y,1.5,14,Mobile,161.0,2017
4415U,2.3,14,Mobile,161.0,2017
3805U,1.9,14,Mobile,161.0,2015
3561Y,1.2,22,Mobile,161.0,2013
3560M,2.4,22,Mobile,134.0,2014
3558U,1.7,22,Mobile,161.0,2013
3550M,2.3,22,Mobile,134.0,2013
2117U,1.8,22,Mobile,134.0,2012
2030M,2.5,22,Mobile,134.0,2013
2127U,1.9,22,Mobile,134.0,2013
A1020,2.41,22,Mobile,86.0,2016
1405V2,1.4,22,Embedded,156.0,2014
G620,2.6,32,Desktop,64.0,2011
G620T,2.2,32,Desktop,73.5,2011
G840,2.8,32,Desktop,75.0,2011
G850,2.9,32,Desktop,71.0,2011
G630,2.7,32,Desktop,64.0,2011
G860,3.0,32,Desktop,75.0,2011
G630T,2.3,32,Desktop,72.0,2011
E6800,3.33,45,Desktop,93.0,2010
960,3.6,65,Desktop,316.0,2006
950,3.4,65,Desktop,224.0,2006
G870,3.1,32,Desktop,82.0,2012
G640,2.8,32,Desktop,64.0,2012
E5800,3.2,45,Desktop,72.0,2010
945,3.4,65,Desktop,163.0,2006
G640T,2.4,32,Desktop,68.0,2012
E5700,3.0,45,Desktop,64.0,2010
940,3.2,65,Desktop,183.0,2006
651,3.4,65,Desktop,81.0,2006
E6600,3.06,45,Desktop,75.0,2010
E5500,2.8,45,Desktop,72.0,2010
935,3.2,65,Desktop,84.0,2007
G645,2.9,32,Desktop,64.0,2012
930,3.0,65,Desktop,178.0,2006
840,3.2,90,Desktop,423.0,2005
G645T,2.5,32,Desktop,64.0,2012
G6950,2.8,32,Desktop,86.5,2010
E6500,2.93,45,Desktop,71.5,2008
E5400,2.7,45,Desktop,67.0,2009
925,3.0,65,Desktop,74.0,2006
830,3.0,90,Desktop,316.0,2005
E5300,2.6,45,Desktop,67.0,2008
965,3.73,65,Desktop,999.0,2006
820,2.8,90,Desktop,74.0,2005
E6300,2.8,45,Desktop,77.0,2009
E5200,2.5,45,Desktop,72.0,2008
955,3.46,65,Desktop,999.0,2006
915,2.8,65,Desktop,74.0,2006
805,2.66,90,Desktop,93.0,2005
G1610T,2.3,22,Desktop,42.0,2013
G1620,2.7,22,Desktop,41.0,2013
G1620T,2.4,22,Desktop,42.0,2013
G1820,2.7,22,Desktop,42.0,2014
G1630,2.8,22,Desktop,52.0,2013
G1820T,2.4,22,Desktop,42.0,2014
G1820TE,2.2,22,Embedded,42.0,2014
G1830,2.8,22,Desktop,52.0,2014
G1840,2.8,22,Desktop,42.0,2014
G1840T,2.5,22,Desktop,42.0,2014
G1850,2.9,22,Desktop,52.0,2014
G3900,2.8,14,Desktop,42.0,2015
G3900E,2.4,14,Embedded,107.0,2016
G3900TE,2.3,14,Embedded,42.0,2015
G3920,2.9,14,Desktop,52.0,2015
G3902E,1.6,14,Embedded,107.0,2016
G3930,2.9,14,Desktop,42.0,2017
G3930T,2.7,14,Desktop,42.0,2017
G3950,3.0,14,Desktop,52.0,2017
J1800,2.41,22,Desktop,72.0,2013
J1900,2.0,22,Desktop,82.0,2013
J3060,1.6,14,Desktop,107.0,2016
J3355,2.0,14,Desktop,107.0,2016
J3455,1.5,14,Desktop,107.0,2016
N2806,1.6,22,Mobile,107.0,2013
N2807,1.58,22,Mobile,107.0,2014
N2808,1.58,22,Mobile,107.0,2014
N2830,2.16,22,Mobile,107.0,2014
N2840,2.16,22,Mobile,107.0,2014
N2930,1.83,22,Mobile,107.0,2014
N2940,1.83,22,Mobile,107.0,2014
N3450,1.1,14,Mobile,107.0,2016
N3350,1.1,14,Mobile,107.0,2016
N3160,1.6,14,Mobile,107.0,2016
N3150,1.6,14,Mobile,107.0,2015
N3060,1.6,14,Mobile,107.0,2016
N3050,1.6,14,Mobile,107.0,2015
N3010,1.04,14,Mobile,107.0,2016
N3000,1.04,14,Mobile,107.0,2015
3215U,1.7,14,Mobile,107.0,2015
3755U,1.7,14,Mobile,107.0,2015
3765U,1.9,14,Mobile,107.0,2015
3855U,1.6,14,Mobile,107.0,2015
3955U,2.0,14,Mobile,107.0,2015
3865U,1.8,14,Mobile,107.0,2017
3965U,2.2,14,Mobile,107.0,2017
i5-7Y54,1.2,14,Mobile,281.0,2016
i5-7200U,2.5,14,Mobile,281.0,2016
i5-7260U,2.2,14,Mobile,304.0,2017
i5-7300HQ,2.5,14,Mobile,250.0,2017
i5-7300U,2.6,14,Mobile,281.0,2017
i5-7360U,2.3,14,Mobile,304.0,2017
i5-7400,3.0,14,Desktop,182.0,2017
i5-7400T,2.4,14,Desktop,184.5,2017
i5-7440EQ,2.9,14,Embedded,250.0,2017
i5-7442EQ,2.1,14,Embedded,250.0,2017
i5-7500T,2.7,14,Desktop,197.0,2017
i5-7500,3.4,14,Desktop,197.0,2017
i5-7600,3.5,14,Desktop,218.5,2017
i5-7600T,2.8,14,Desktop,218.5,2017
i5-7600K,3.8,14,Desktop,242.5,2017
i7-3920XM,2.9,22,Mobile,1096.0,2012
i7-3930K,3.2,32,Desktop,594.0,2011
i7-3940XM,3.0,22,Mobile,1096.0,2012
i7-3960X,3.3,32,Desktop,1059.0,2011
i7-3970X,3.5,32,Desktop,1059.0,2012
i7-4820K,3.7,22,Desktop,332.0,2013
i7-4930K,3.4,22,Desktop,594.0,2013
i7-4960X,3.6,22,Desktop,1059.0,2013
i7-5820K,3.3,22,Desktop,392.5,2014
i7-5930K,3.5,22,Desktop,588.5,2014
i7-5960X,3.0,22,Desktop,1029.0,2014
i7-6800K,3.4,14,Desktop,437.5,2016
i7-6850K,3.6,14,Desktop,622.5,2016
i7-6900K,3.2,14,Desktop,1099.0,2016
i7-6950X,3.0,14,Desktop,1733.0,2016
i5-7640X,4.0,14,Desktop,242.5,2017
i7-7740X,4.3,14,Desktop,344.5,2017
i7-7800X,3.5,14,Desktop,386.0,2017
i9-7900X,3.3,14,Desktop,994.0,2017
i7-7820X,3.6,14,Desktop,594.0,2017
i9-7920X,2.9,14,Desktop,1194.0,2017
i7-8650U,1.9,14,Mobile,409.0,2017
i5-8350U,1.7,14,Mobile,297.0,2017
i7-7500U,2.7,14,Mobile,393.0,2016
i7-7560U,2.4,14,Mobile,415.0,2017
i7-7600U,2.8,14,Mobile,393.0,2017
i7-7660U,2.5,14,Mobile,415.0,2017
i7-7700T,2.9,14,Desktop,307.5,2017
i7-7700K,4.2,14,Desktop,344.5,2017
i7-7700,3.6,14,Desktop,307.5,2017
i7-7700HQ,2.8,14,Mobile,378.0,2017
i7-7820EQ,3.0,14,Embedded,378.0,2017
i7-7820HK,2.9,14,Mobile,378.0,2017
i7-7820HQ,2.9,14,Mobile,378.0,2017
i7-7920HQ,3.1,14,Mobile,568.0,2017
X1021D,,32,Embedded,12.85,2014
E620,,45,Embedded,19.0,2010
x7-Z8750,1.6,14,Mobile,37.0,2016
N2600,1.6,32,Mobile,42.0,2011
E3805,1.33,22,Embedded,31.0,2014
D2500,1.86,32,Desktop,42.0,2011
C2316,1.5,22,Embedded,39.0,2017
9110N,1.6,90,Server,696.0,2007
9310,1.6,65,Server,946.0,2010
9320,1.33,65,Server,1614.0,2010
9330,1.46,65,Server,2059.0,2010
9340,1.6,65,Server,2059.0,2010
9350,1.73,65,Server,3838.0,2010
9120N,1.42,90,Server,910.0,2007
9130M,1.66,90,Server,1552.0,2007
9140M,1.66,90,Server,1980.0,2007
9140N,1.6,90,Server,1980.0,2007
9150M,1.66,90,Server,3692.0,2007
9150N,1.6,90,Server,3692.0,2007
C2350,1.7,22,Server,43.0,2013
C2516,1.4,22,Embedded,64.0,2017
C2530,1.7,22,Server,70.0,2013
C2550,2.4,22,Server,86.0,2013
C2730,1.7,22,Server,150.0,2013
C2750,2.4,22,Server,171.0,2013
C2308,1.25,22,Embedded,60.0,2014
C2338,1.7,22,Embedded,60.0,2013
C2358,1.7,22,Embedded,60.0,2013
C2508,1.25,22,Embedded,98.0,2014
C2518,1.7,22,Embedded,91.0,2013
C2538,2.4,22,Embedded,104.0,2013
C2558,2.4,22,Embedded,104.0,2013
C2718,2.0,22,Embedded,182.0,2013
C2758,2.4,22,Embedded,208.0,2013
C2738,2.4,22,Embedded,208.0,2013
C3958,2.0,14,Server,449.0,2017
C3955,2.1,14,Server,434.0,2017
C3950,1.7,14,Server,389.0,2017
C3830,1.9,14,Server,289.0,2017
C3858,2.0,14,Server,332.0,2017
C3850,2.1,14,Server,323.0,2017
C3808,2.0,14,Server,369.0,2017
C3758,2.2,14,Server,193.0,2017
C3750,2.2,14,Server,171.0,2017
C3708,1.7,14,Server,209.0,2017
C3558,2.2,14,Server,86.0,2017
C3538,2.1,14,Server,75.0,2017
C3508,1.6,14,Server,86.0,2017
C3338,1.5,14,Server,27.0,2017
C3308,1.6,14,Server,32.0,2017
D2550,1.86,32,Desktop,47.0,2012
E3815,1.46,22,Embedded,31.0,2013
E3825,1.33,22,Embedded,34.0,2013
E3826,1.46,22,Embedded,37.0,2013
E3827,1.75,22,Embedded,41.0,2013
E3845,1.91,22,Embedded,52.0,2013
N2800,1.86,32,Mobile,47.0,2011
S1220,1.6,32,Server,54.0,2012
S1240,1.6,32,Server,64.0,2012
S1269,1.6,32,Server,80.0,2013
S1279,1.6,32,Server,103.0,2013
S1289,2.0,32,Server,120.0,2013
E8000,1.04,14,Embedded,39.0,2016
x5-Z8300,1.44,14,Mobile,21.0,2015
x5-Z8350,1.44,14,Mobile,21.0,2016
x5-Z8500,1.44,14,Mobile,27.0,2015
x5-Z8550,1.44,14,Mobile,27.0,2016
x7-Z8700,1.6,14,Mobile,37.0,2015
Z3735E,1.33,22,Mobile,21.0,2014
Z3735F,1.33,22,Mobile,18.0,2014
Z3735G,1.33,22,Mobile,17.0,2014
Z3736F,1.33,22,Mobile,20.0,2014
Z3736G,1.33,22,Mobile,20.0,2014
Z3745,1.33,22,Mobile,30.0,2014
Z3775,1.46,22,Mobile,35.0,2014
Z3770D,1.5,22,Mobile,37.0,2013
Z3795,1.59,22,Mobile,40.0,2014
E620T,,45,Embedded,22.0,2010
Z510,1.1,45,Mobile,20.0,2008
E640,1.0,45,Embedded,29.0,2010
Z510P,1.1,45,Mobile,20.0,2008
E640T,1.0,45,Embedded,37.0,2010
Z510PT,1.1,45,Mobile,27.0,2008
230,1.6,45,Desktop,29.0,2008
E660,1.3,45,Embedded,54.0,2010
Z520PT,1.33,45,Mobile,50.0,2008
E660T,1.3,45,Embedded,64.0,2010
Z530,1.6,45,Mobile,65.0,2008
N450,1.66,45,Mobile,64.0,2010
Z530P,1.6,45,Mobile,65.0,2008
N455,1.66,45,Mobile,64.0,2010
D410,1.66,45,Desktop,43.0,2010
D510,1.66,45,Desktop,63.0,2010
E680,1.6,45,Embedded,74.0,2010
N270,1.6,45,Mobile,32.0,2008
E680T,1.6,45,Embedded,85.0,2010
D525,1.8,45,Desktop,63.0,2010
D425,1.8,45,Desktop,42.0,2010
X1021,,32,Embedded,13.39,2014
X1020D,,32,Embedded,10.7,2014
X1020,,32,Embedded,11.23,2014
X1011,,32,Embedded,12.31,2014
X1010,,32,Embedded,10.16,2014
X1001,,32,Embedded,11.77,2014
X1000,,32,Embedded,9.62,2013
9520,1.73,32,Server,1350.0,2012
9760,2.66,32,Server,4650.0,2017
7290F,1.5,14,Server,3368.0,2016
D-1513N,1.6,14,Server,192.0,2017
E5603,1.6,32,Server,191.5,2011
E3-1220 v3,3.1,22,Server,198.0,2013
E3-1258LV4,1.8,14,Embedded,393.0,2015
E3-1220V5,3.0,14,Server,198.0,2015
E3-1220V6,3.0,14,Server,198.0,2017
E5-2690,2.9,32,Server,2059.0,2012
E5-2697V2,2.7,22,Server,2616.0,2013
E5-2695V2,2.4,22,Server,2338.0,2013
E5-1620V4,3.5,14,Server,295.5,2016
E5-1630V4,3.7,14,Server,406.0,2016
E5-1650V4,3.6,14,Server,619.0,2016
E5-1660V4,3.2,14,Server,1113.0,2016
E5-1680V4,3.4,14,Server,1723.0,2016
E5-2603V4,1.7,14,Server,213.0,2016
E5-2608LV4,1.6,14,Embedded,363.0,2016
E5-2609V4,1.7,14,Server,308.0,2016
E5-2618LV4,2.2,14,Embedded,779.0,2016
E5-2620V4,2.1,14,Server,419.5,2016
E5-2623V4,2.6,14,Server,444.0,2016
E5-2628LV4,1.9,14,Embedded,1364.0,2016
E5-2630LV4,1.8,14,Server,612.0,2016
E5-2630V4,2.2,14,Server,669.0,2016
E5-2637V4,3.5,14,Server,996.0,2016
E5-2640V4,2.4,14,Server,939.0,2016
E5-2643V4,3.4,14,Server,1552.0,2016
E5-2648LV4,1.8,14,Embedded,1544.0,2016
E5-2650LV4,1.7,14,Server,1329.0,2016
E5-2650V4,2.2,14,Server,1168.5,2016
E5-2660V4,2.0,14,Server,1445.0,2016
E5-2667V4,3.2,14,Server,2057.0,2016
E5-2658V4,2.3,14,Embedded,1832.0,2016
E5-2680V4,2.4,14,Server,1747.0,2016
E5-2683V4,2.1,14,Server,1846.0,2016
E5-2687WV4,3.0,14,Server,2143.0,2016
E5-2690V4,2.6,14,Server,2092.0,2016
E5-2695V4,2.1,14,Server,2426.0,2016
E5-2697AV4,2.6,14,Server,2891.0,2016
E5-2697V4,2.3,14,Server,2702.0,2016
E5-2698V4,2.2,14,Server,3226.0,2016
E5-2699RV4,2.2,14,Embedded,4560.0,2016
E5-2699V4,2.2,14,Server,4115.0,2016
E5-2699AV4,2.4,14,Server,4938.0,2016
E5-4610V4,1.8,14,Server,1219.0,2016
E5-4620V4,2.1,14,Server,1668.0,2016
E5-4627V4,2.6,14,Server,2225.0,2016
E5-4628LV4,1.8,14,Embedded,2535.0,2016
E5-4640V4,2.1,14,Server,2837.0,2016
E5-4650V4,2.2,14,Server,3838.0,2016
E5-4655V4,2.5,14,Server,4616.0,2016
E5-4660V4,2.2,14,Server,4727.0,2016
E5-4667V4,2.2,14,Server,5729.0,2016
E5-4669V4,2.2,14,Server,7007.0,2016
E5-2603V3,1.6,22,Server,215.0,2014
E5-2608LV3,2.0,22,Embedded,441.0,2014
E5-2609V3,1.9,22,Server,306.0,2014
E5-2618LV3,2.3,22,Embedded,779.0,2014
E5-2620V3,2.4,22,Server,419.5,2014
E5-2623V3,3.0,22,Server,444.0,2014
E5-2628LV3,2.0,22,Embedded,1364.0,2014
E5-2630V3,2.4,22,Server,669.0,2014
E5-2630LV3,1.8,22,Server,612.0,2014
E5-2637V3,3.5,22,Server,996.0,2014
E5-2640V3,2.6,22,Server,941.5,2014
E5-2643V3,3.4,22,Server,1552.0,2014
E5-2650V3,2.3,22,Server,1168.5,2014
E5-2648LV3,1.8,22,Embedded,1544.0,2014
E5-2650LV3,1.8,22,Server,1329.0,2014
E5-2658V3,2.2,22,Embedded,1832.0,2014
E5-2658AV3,2.2,22,Embedded,1832.0,2015
E5-2660V3,2.6,22,Server,1447.0,2014
E5-2667V3,3.2,22,Server,2057.0,2014
E5-2670V3,2.3,22,Server,1591.0,2014
E5-2680V3,2.5,22,Server,1747.0,2014
E5-2683V3,2.0,22,Server,1846.0,2014
E5-4610V3,1.7,22,Server,1219.0,2015
E5-4620V3,2.0,22,Server,1668.0,2015
E5-2687WV3,3.1,22,Server,2143.0,2014
E5-4627V3,2.6,22,Server,2225.0,2015
E5-2690V3,2.6,22,Server,2092.0,2014
E5-4640V3,1.9,22,Server,2859.0,2015
E5-1680V3,3.2,22,Server,1723.0,2014
E5-2695V3,2.3,22,Server,2426.0,2014
E5-4648V3,1.7,22,Embedded,2405.0,2015
E5-1660V3,3.0,22,Server,1080.0,2014
E5-4650V3,2.1,22,Server,3838.0,2015
E5-1650V3,3.5,22,Server,584.5,2014
E5-2697V3,2.6,22,Server,2704.0,2014
E5-4655V3,2.9,22,Server,4616.0,2015
E5-2408LV3,1.8,22,Embedded,256.0,2015
E5-1630V3,3.7,22,Server,372.0,2014
E5-4660V3,2.1,22,Server,4727.0,2015
E5-2418LV3,2.0,22,Embedded,472.0,2015
E5-1620V3,3.5,22,Server,295.5,2014
E5-4667V3,2.0,22,Server,5729.0,2015
E5-2428LV3,1.8,22,Embedded,811.0,2015
E5-4669V3,2.1,22,Server,7007.0,2015
E5-2438LV3,1.8,22,Embedded,1555.0,2015
E5-1428LV3,2.0,22,Embedded,608.0,2015
E5-2690V2,3.0,22,Server,2059.0,2013
E5-2680V2,2.8,22,Server,1725.0,2013
E5-2687WV2,3.4,22,Server,2110.0,2013
E5-2670V2,2.5,22,Server,1554.0,2013
E5-2667V2,3.3,22,Server,2057.0,2013
E5-2660V2,2.2,22,Server,1391.0,2013
E5-2650LV2,1.7,22,Server,1219.0,2013
E5-2658V2,2.4,22,Embedded,1750.0,2013
E5-2650V2,2.6,22,Server,1168.5,2013
E5-2470V2,2.4,22,Server,1440.0,2014
E5-2648LV2,1.9,22,Embedded,1479.0,2013
E5-2450LV2,1.7,22,Server,1219.0,2014
E5-2643V2,3.5,22,Server,1552.0,2013
E5-2450V2,2.5,22,Server,1107.0,2014
E5-4657LV2,2.4,22,Server,4394.0,2014
E5-2448LV2,1.8,22,Embedded,1424.0,2014
E5-2640V2,2.0,22,Server,887.0,2013
E5-2637V2,3.5,22,Server,996.0,2013
E5-4650V2,2.4,22,Server,3616.0,2014
E5-2440V2,1.9,22,Server,832.0,2014
E5-2630LV2,2.4,22,Server,612.0,2013
E5-2430LV2,2.4,22,Server,612.0,2014
E5-4640V2,2.2,22,Server,2725.0,2014
E5-2630V2,2.6,22,Server,614.0,2013
E5-2430V2,2.5,22,Server,551.0,2014
E5-4627V2,3.3,22,Server,2108.0,2014
E5-4624LV2,1.9,22,Embedded,2405.0,2014
E5-2628LV2,1.9,22,Embedded,1216.0,2013
E5-2428LV2,1.8,22,Embedded,1013.0,2014
E5-2620V2,2.1,22,Server,408.0,2013
E5-2420V2,2.2,22,Server,406.0,2014
E5-1660V2,3.7,22,Server,1081.5,2013
E5-4620V2,2.6,22,Server,1611.0,2014
E5-2618LV2,2.0,22,Embedded,632.0,2013
E5-2418LV2,2.0,22,Embedded,607.0,2014
E5-1650V2,3.5,22,Server,583.0,2013
E5-4610V2,2.3,22,Server,1219.0,2014
E5-4607V2,2.6,22,Server,885.0,2014
E5-2609V2,2.5,22,Server,296.5,2013
E5-2407V2,2.4,22,Server,250.0,2014
E5-1620V2,3.7,22,Server,294.0,2013
E5-1428LV2,2.2,22,Embedded,494.0,2014
E5-2603V2,1.8,22,Server,202.0,2013
E5-2403V2,1.8,22,Server,192.0,2014
E5-4603V2,2.2,22,Server,551.0,2014
E5-2687W,3.1,32,Server,1887.5,2012
E5-2680,2.7,32,Server,1725.0,2012
E5-2670,2.6,32,Server,1554.0,2012
E5-2667,2.9,32,Server,1552.0,2012
E5-2665,2.4,32,Server,1442.0,2012
E5-2660,2.2,32,Server,1331.0,2012
E5-2658,2.1,32,Embedded,1479.0,2012
E5-2650,2.0,32,Server,1109.5,2012
E5-2648L,1.8,32,Embedded,1266.0,2012
E5-2650L,1.8,32,Server,1107.0,2012
E5-2643,3.3,32,Server,885.0,2012
E5-2470,2.3,32,Server,1442.0,2012
E5-2450L,1.8,32,Server,1107.0,2012
E5-2640,2.5,32,Server,887.0,2012
E5-2450,2.1,32,Server,1109.5,2012
E5-2637,3.0,32,Server,885.0,2012
E5-2448L,1.8,32,Embedded,1266.0,2012
 E5-4650L,2.6,32,Server,3618.0,2012
E5-2630L,2.0,32,Server,662.0,2012
E5-4650,2.7,32,Server,3618.0,2012
E5-2440,2.4,32,Server,834.5,2012
E5-2630,2.3,32,Server,614.0,2012
E5-1660,3.3,32,Server,1081.5,2012
E5-2430L,2.0,32,Server,662.0,2012
E5-2430,2.2,32,Server,536.5,2012
E5-4640,2.4,32,Server,2727.5,2012
E5-2428L,1.8,32,Embedded,692.0,2012
E5-4620,2.2,32,Server,1613.5,2012
E5-1650,3.2,32,Server,583.0,2012
E5-2620,2.0,32,Server,385.0,2012
E5-2420,1.9,32,Server,389.0,2012
E5-4617,2.9,32,Server,1611.0,2012
E5-2418L,2.0,32,Embedded,428.0,2012
E5-1428L,1.8,32,Server,480.0,2012
E5-1620,3.6,32,Server,294.0,2012
E5-2609,2.4,32,Server,296.5,2012
E5-4610,2.4,32,Server,1221.0,2012
E5-2407,2.2,32,Server,250.5,2012
E5-4607,2.2,32,Server,887.0,2012
E5-2403,1.8,32,Server,191.5,2012
E5-4603,2.0,32,Server,553.0,2012
E5-2603,1.8,32,Server,202.5,2012
E3-1225V6,3.3,14,Server,218.5,2017
E3-1230V6,3.5,14,Server,255.5,2017
E3-1240V6,3.7,14,Server,277.0,2017
E3-1245V6,3.7,14,Server,289.0,2017
E3-1270V6,3.8,14,Server,333.5,2017
E3-1275V6,3.8,14,Server,339.0,2017
E3-1280V6,3.9,14,Server,383.0,2017
E3-1285V6,4.1,14,Server,450.0,2017
E3-1505LV6,2.2,14,Embedded,433.0,2017
E3-1505MV6,3.0,14,Mobile,434.0,2017
E3-1535MV6,3.1,14,Mobile,623.0,2017
E3-1225V5,3.3,14,Server,218.5,2015
E3-1230V5,3.4,14,Server,255.5,2015
E3-1240V5,3.5,14,Server,277.0,2015
E3-1235LV5,2.0,14,Server,250.0,2015
E3-1240LV5,2.1,14,Server,278.0,2015
E3-1245V5,3.5,14,Server,289.0,2015
E3-1260LV5,2.9,14,Server,294.0,2015
E3-1268LV5,2.4,14,Embedded,377.0,2015
E3-1270V5,3.6,14,Server,333.5,2015
E3-1275V5,3.6,14,Server,344.5,2015
E3-1280V5,3.7,14,Server,612.0,2015
E3-1505MV5,2.8,14,Mobile,434.0,2015
E3-1505LV5,2.0,14,Embedded,433.0,2015
E3-1515MV5,2.8,14,Mobile,489.0,2016
E3-1535MV5,2.9,14,Mobile,623.0,2015
E3-1545MV5,2.9,14,Mobile,679.0,2016
E3-1558LV5,1.9,14,Embedded,396.0,2016
E3-1565LV5,2.5,14,Server,417.0,2016
E3-1575MV5,3.0,14,Mobile,1207.0,2016
E3-1578LV5,2.0,14,Embedded,449.0,2016
E3-1585LV5,3.0,14,Server,445.0,2016
E3-1585V5,3.5,14,Server,556.0,2016
E3-1265LV4,2.3,14,Server,417.0,2015
E3-1278LV4,2.0,14,Embedded,449.0,2015
E3-1285V4,3.5,14,Server,556.0,2015
E3-1285LV4,3.4,14,Server,445.0,2015
E3-1226V3,3.3,22,Server,218.5,2014
E3-1225V3,3.2,22,Server,218.5,2013
E3-1230 v3,3.3,22,Server,245.0,2013
E3-1230Lv3,1.8,22,Server,250.0,2013
E3-1231V3,3.4,22,Server,245.0,2014
E3-1240 v3,3.4,22,Server,267.5,2013
E3-1240LV3,2.0,22,Server,278.0,2014
E3-1241V3,3.5,22,Server,267.5,2014
E3-1245 v3,3.4,22,Server,281.5,2013
E3-1246V3,3.5,22,Server,281.5,2014
E3-1275 v3,3.5,22,Server,344.5,2013
E3-1265Lv3,2.5,22,Server,294.0,2013
E3-1271V3,3.6,22,Server,333.5,2014
E3-1268LV3,2.3,22,Embedded,377.0,2013
E3-1270 v3,3.5,22,Server,333.5,2013
E3-1275LV3,2.7,22,Server,328.0,2014
E3-1280 v3,3.6,22,Server,612.0,2013
E3-1276V3,3.6,22,Server,344.5,2014
E3-1281V3,3.7,22,Server,612.0,2014
E3-1285 v3,3.6,22,Server,662.0,2013
E3-1286V3,3.7,22,Server,662.0,2014
E3-1286LV3,3.2,22,Server,774.0,2014
E3-1105CV2,1.8,22,Embedded,389.0,2013
E3-1125CV2,2.5,22,Embedded,545.0,2013
E3-1220LV2,2.3,22,Server,189.0,2012
E3-1220V2,3.1,22,Server,196.0,2012
E3-1225V2,3.2,22,Server,205.0,2012
E3-1230V2,3.3,22,Server,222.5,2012
E3-1240V2,3.4,22,Server,255.5,2012
E3-1245V2,3.4,22,Server,269.5,2012
E3-1265LV2,2.5,22,Server,299.5,2012
E3-1270V2,3.5,22,Server,333.5,2012
E3-1280V2,3.6,22,Server,623.0,2012
E3-1275V2,3.5,22,Server,334.5,2012
E3-1220,3.1,32,Server,196.0,2011
E3-1220L,2.2,32,Server,189.0,2011
E3-1225,3.1,32,Server,192.0,2011
E3-1230,3.2,32,Server,230.0,2011
E3-1240,3.3,32,Server,255.5,2011
E3-1235,3.2,32,Server,250.0,2011
E3-1245,3.3,32,Server,267.5,2011
E3-1260L,2.4,32,Server,294.0,2011
E3-1275,3.4,32,Server,332.5,2011
E3-1270,3.4,32,Server,333.5,2011
E3-1280,3.5,32,Server,617.5,2011
D-1518,2.2,14,Server,234.0,2015
D-1520,2.2,14,Server,199.0,2015
D-1521,2.4,14,Server,199.0,2015
D-1523N,2.0,14,Server,256.0,2017
D-1527,2.2,14,Server,259.0,2015
D-1528,1.9,14,Server,389.0,2015
D-1529,1.3,14,Server,324.0,2016
D-1531,2.2,14,Server,348.0,2015
D-1533N,2.1,14,Server,470.0,2017
D-1537,1.7,14,Server,571.0,2015
D-1539,1.6,14,Server,590.0,2016
D-1540,2.0,14,Server,581.0,2015
D-1541,2.1,14,Server,581.0,2015
D-1543N,1.9,14,Server,652.0,2017
D-1548,2.0,14,Server,675.0,2015
D-1559,1.5,14,Server,883.0,2016
D-1557,1.5,14,Server,844.0,2016
D-1567,2.1,14,Server,1299.0,2016
D-1553N,2.3,14,Server,855.0,2017
D-1571,1.3,14,Server,1222.0,2016
D-1577,1.3,14,Server,1477.0,2016
E5606,2.13,32,Server,223.0,2011
E5607,2.26,32,Server,277.5,2011
E5620,2.4,32,Server,380.0,2010
E5630,2.53,32,Server,552.5,2010
E5640,2.66,32,Server,775.5,2010
E5645,2.4,32,Server,539.5,2010
E5649,2.53,32,Server,775.5,2011
L5609,1.86,32,Server,440.0,2010
L5618,1.87,32,Server,437.0,2010
E5405,2.0,45,Server,231.0,2007
L5630,2.13,32,Server,552.5,2010
E5410,2.33,45,Server,284.0,2007
E5504,2.0,45,Server,221.0,2009
L5638,2.0,32,Server,525.0,2010
E5420,2.5,45,Server,347.0,2007
E5430,2.66,45,Server,491.0,2007
L5640,2.26,32,Server,997.5,2010
E5220,2.33,45,Server,317.0,2008
E5440,2.83,45,Server,719.0,2008
X5647,2.93,32,Server,774.0,2011
E5450,3.0,45,Server,969.0,2007
E5240,3.0,45,Embedded,649.0,2008
X5650,2.66,32,Server,997.5,2010
X5660,2.8,32,Server,1220.5,2010
E5540,2.53,45,Server,940.0,2009
X5667,3.06,32,Server,1440.0,2010
L3360,2.83,45,Server,340.0,2009
L5408,2.13,45,Embedded,494.0,2008
X5670,2.93,32,Server,1441.5,2010
L5508,2.0,45,Embedded,403.0,2009
L5410,2.33,45,Server,372.0,2008
5140,2.33,65,Server,478.0,2006
L3406,2.26,32,Server,201.0,2010
L5518,2.13,45,Embedded,504.0,2009
E7420,2.13,45,Server,1223.0,2008
L5238,2.66,45,Embedded,560.0,2008
L5420,2.5,45,Server,413.0,2008
X5675,3.06,32,Server,1441.5,2011
W3670,3.2,32,Server,594.0,2010
L3426,1.86,45,Server,305.0,2009
W3520,2.66,45,Server,305.0,2009
X3330,2.66,45,Server,202.0,2008
L5430,2.66,45,Server,601.0,2008
X5677,3.46,32,Server,1663.0,2010
X3430,2.4,45,Server,213.5,2009
W3530,2.8,45,Server,305.0,2010
E7440,2.4,45,Server,2059.0,2008
X5450,3.0,45,Server,912.0,2007
X3350,2.66,45,Server,268.0,2008
EC5509,2.0,45,Embedded,286.0,2010
X3440,2.53,45,Server,230.0,2009
W3540,2.93,45,Server,594.0,2009
E7450,2.4,45,Server,2391.0,2008
X5460,3.16,45,Server,1245.0,2007
W3680,3.33,32,Server,594.0,2010
X5680,3.33,32,Server,1664.5,2010
EC3539,2.13,45,Embedded,326.0,2010
EC5539,2.27,45,Embedded,417.0,2010
X3450,2.66,45,Server,249.0,2009
W3550,3.06,45,Server,305.0,2009
X5470,3.33,45,Server,1467.0,2008
E3110,3.0,45,Server,179.0,2008
X3360,2.83,45,Server,287.0,2008
X5687,3.6,32,Server,1663.0,2011
LC3518,1.73,45,Embedded,221.0,2010
EC5549,2.53,45,Embedded,503.0,2010
X3460,2.8,45,Server,333.5,2009
W3565,3.2,45,Server,305.0,2009
W-2155,3.3,14,Server,1440.0,2017
W-2145,3.7,14,Server,1113.0,2017
W-2135,3.7,14,Server,835.0,2017
W-2133,3.6,14,Server,617.0,2017
W-2125,4.0,14,Server,444.0,2017
W-2123,3.6,14,Server,294.0,2017
X5690,3.46,32,Server,1664.5,2011
LC3528,1.73,45,Embedded,326.0,2010
LC5518,1.73,45,Embedded,493.0,2010
X3470,2.93,45,Server,339.0,2009
W3570,3.2,45,Server,1059.0,2009
X3370,3.0,45,Server,339.0,2008
5138,2.13,65,Server,494.0,2006
X3480,3.06,45,Server,623.0,2010
LC5528,2.13,45,Embedded,493.0,2010
X3380,3.16,45,Server,562.0,2009
W3580,3.33,45,Server,1059.0,2009
X7460,2.66,45,Server,2837.0,2008
L3110,3.0,45,Server,243.0,2009
7290,1.5,14,Server,3213.0,2016
7250F,1.4,14,Server,2591.0,2016
7250,1.4,14,Server,2436.0,2016
7230F,1.3,14,Server,2147.0,2016
7230,1.3,14,Server,1992.0,2016
7210F,1.3,14,Server,2036.0,2016
7210,1.3,14,Server,1881.0,2016
9750,2.53,32,Server,3750.0,2017
9740,2.13,32,Server,2650.0,2017
9720,1.73,32,Server,1350.0,2017
9540,2.13,32,Server,2650.0,2012
9550,2.4,32,Server,3750.0,2012
9560,2.53,32,Server,4650.0,2012
E7-2803,1.73,32,Server,774.0,2011
E7-4809V3,2.0,22,Server,1223.0,2015
E7-4809V4,2.1,14,Server,1223.0,2016
3104,1.7,14,Server,218.0,2017
1000M,1.8,22,Mobile,75.0,2013
2000E,2.2,22,Embedded,86.0,2014
G2010,2.8,22,Desktop,64.0,2013
D1507,1.2,14,Server,103.0,2015
i3-4030Y,1.6,22,Mobile,281.0,2014
i5-4670,3.4,22,Desktop,218.5,2013
i7-4578U,3.0,22,Mobile,426.0,2014
i5-5200U,2.2,14,Mobile,281.0,2015
i5-5250U,1.6,14,Mobile,315.0,2015
i5-5257U,2.7,14,Mobile,315.0,2015
i5-5287U,2.9,14,Mobile,315.0,2015
i5-5300U,2.3,14,Mobile,281.0,2015
i5-5350H,3.1,14,Mobile,289.0,2015
i5-5350U,1.8,14,Mobile,315.0,2015
i5-5575R,2.8,14,Desktop,244.0,2015
i5-5675C,3.1,14,Desktop,276.5,2015
i3-5005U,2.0,14,Mobile,275.0,2015
i5-5675R,3.1,14,Desktop,265.0,2015
i3-5010U,2.1,14,Mobile,281.0,2015
i3-5015U,2.1,14,Mobile,275.0,2015
i3-5020U,2.2,14,Mobile,281.0,2015
i3-5157U,2.5,14,Mobile,315.0,2015
5Y10c,,14,Mobile,281.0,2014
5Y31,,14,Mobile,281.0,2014
5Y51,1.1,14,Mobile,281.0,2014
5Y71,1.2,14,Mobile,281.0,2014
i7-4558U,2.8,22,Mobile,426.0,2013
i7-4550U,1.5,22,Mobile,426.0,2013
i7-4510U,2.0,22,Mobile,393.0,2014
i7-4500U,1.8,22,Mobile,393.0,2013
i7-4650U,1.7,22,Mobile,426.0,2013
i7-4610Y,1.7,22,Mobile,393.0,2013
i7-4600U,2.1,22,Mobile,393.0,2013
i7-4600M,2.9,22,Mobile,346.0,2013
i7-4790T,2.7,22,Desktop,303.0,2014
i7-4790S,3.2,22,Desktop,307.5,2014
i7-4790,3.6,22,Desktop,307.5,2014
i7-4785T,2.2,22,Desktop,303.0,2014
i7-4771,3.5,22,Desktop,317.0,2013
i7-4770TE,2.3,22,Embedded,303.0,2013
i7-4770T,2.5,22,Desktop,303.0,2013
i7-4770S,3.1,22,Desktop,304.0,2013
i7-4770R,3.2,22,Desktop,358.0,2013
i7-4770,3.4,22,Desktop,307.5,2013
i7-4765T,2.0,22,Desktop,303.0,2013
i7-4770K,3.5,22,Desktop,344.5,2013
i7-4790K,4.0,22,Desktop,344.5,2014
i7-4770HQ,2.2,22,Mobile,434.0,2014
i7-4760HQ,2.1,22,Mobile,434.0,2014
i7-4750HQ,2.0,22,Mobile,434.0,2013
i7-4722HQ,2.4,22,Mobile,378.0,2015
i7-4720HQ,2.6,22,Mobile,378.0,2015
i7-4712MQ,2.3,22,Mobile,378.0,2014
i7-4712HQ,2.3,22,Mobile,378.0,2014
i7-4710MQ,2.5,22,Mobile,378.0,2014
i7-4710HQ,2.5,22,Mobile,378.0,2014
i7-4702MQ,2.2,22,Mobile,378.0,2013
i7-4702EC,2.0,22,Embedded,459.0,2014
i7-4700HQ,2.4,22,Mobile,378.0,2013
i7-4700MQ,2.4,22,Mobile,378.0,2013
i7-4700EQ,2.4,22,Embedded,378.0,2013
i7-4700EC,2.7,22,Embedded,459.0,2014
i7-4870HQ,2.5,22,Mobile,434.0,2014
i7-4860HQ,2.4,22,Mobile,434.0,2014
i7-4850HQ,2.3,22,Mobile,434.0,2013
i7-4810MQ,2.8,22,Mobile,378.0,2014
i7-4800MQ,2.7,22,Mobile,380.0,2013
i7-4980HQ,2.8,22,Mobile,623.0,2014
i7-4960HQ,2.6,22,Mobile,623.0,2013
i7-4950HQ,2.4,22,Mobile,623.0,2013
i7-4910MQ,2.9,22,Mobile,569.0,2014
i7-4900MQ,2.8,22,Mobile,570.0,2013
i5-4288U,2.6,22,Mobile,315.0,2013
i5-4278U,2.6,22,Mobile,315.0,2014
i5-4260U,1.4,22,Mobile,315.0,2014
i5-4258U,2.4,22,Mobile,315.0,2013
i5-4250U,1.3,22,Mobile,315.0,2013
i5-4220Y,1.6,22,Mobile,281.0,2014
i5-4210Y,1.5,22,Mobile,281.0,2013
i5-4210U,1.7,22,Mobile,281.0,2014
i5-4210M,2.6,22,Mobile,225.0,2014
i5-4210H,2.9,22,Mobile,225.0,2014
i5-4202Y,1.6,22,Mobile,281.0,2013
i5-4200Y,1.4,22,Mobile,281.0,2013
i5-4200U,1.6,22,Mobile,281.0,2013
i5-4200M,2.5,22,Mobile,225.0,2013
i5-4200H,2.8,22,Mobile,225.0,2013
i5-4350U,1.4,22,Mobile,315.0,2013
i5-4340M,2.9,22,Mobile,266.0,2014
i5-4330M,2.8,22,Mobile,266.0,2013
i5-4310U,2.0,22,Mobile,281.0,2014
i5-4308U,2.8,22,Mobile,315.0,2014
i5-4300Y,1.6,22,Mobile,281.0,2013
i5-4300U,1.9,22,Mobile,281.0,2013
i5-4300M,2.6,22,Mobile,226.0,2013
i5-4430,3.0,22,Desktop,184.5,2013
i5-4440,3.1,22,Desktop,184.5,2013
i5-4440S,2.8,22,Desktop,184.5,2013
i5-4430S,2.7,22,Desktop,182.0,2013
i5-4460,3.2,22,Desktop,184.5,2014
i5-4460S,2.9,22,Desktop,182.0,2014
i5-4460T,1.9,22,Desktop,182.0,2014
i5-4400E,2.7,22,Embedded,266.0,2013
i5-4402E,1.6,22,Embedded,266.0,2013
i5-4402EC,2.5,22,Embedded,324.0,2014
i5-4410E,2.9,22,Embedded,266.0,2014
i5-4422E,1.8,22,Embedded,266.0,2014
i5-4590T,2.0,22,Desktop,192.0,2014
i5-4590S,3.0,22,Desktop,197.0,2014
i5-4590,3.3,22,Desktop,197.0,2014
i5-4570TE,2.7,22,Embedded,192.0,2013
i5-4570T,2.9,22,Desktop,193.5,2013
i5-4570S,2.9,22,Desktop,193.5,2013
i5-4570R,2.7,22,Desktop,255.0,2013
i5-4570,3.2,22,Desktop,197.0,2013
i5-4690T,2.5,22,Desktop,213.0,2014
i5-4690S,3.2,22,Desktop,218.5,2014
i5-4690K,3.5,22,Desktop,242.5,2014
i5-4690,3.5,22,Desktop,218.5,2014
i5-4670T,2.3,22,Desktop,213.0,2013
i5-4670R,3.0,22,Desktop,276.0,2013
i5-4670S,3.1,22,Desktop,213.0,2013
i5-4670K,3.4,22,Desktop,242.5,2013
i3-4030U,1.9,22,Mobile,281.0,2014
i3-4025U,1.9,22,Mobile,275.0,2014
i3-4020Y,1.5,22,Mobile,281.0,2013
i3-4012Y,1.5,22,Mobile,281.0,2013
i3-4010Y,1.3,22,Mobile,281.0,2013
i3-4010U,1.7,22,Mobile,281.0,2013
i3-4005U,1.7,22,Mobile,275.0,2013
i3-4000M,2.4,22,Mobile,225.0,2013
i3-4130,3.4,22,Desktop,117.0,2013
i3-4130T,2.9,22,Desktop,117.0,2013
T7400,2.16,65,Mobile,213.0,2006
T9400,2.53,45,Mobile,290.5,2008
SU9300,1.2,45,Mobile,245.0,2008
SP9300,2.26,45,Mobile,247.0,2008
i3-4150,3.5,22,Desktop,117.0,2014
i3-4150T,3.0,22,Desktop,117.0,2014
i3-4160,3.6,22,Desktop,117.0,2014
i3-4160T,3.1,22,Desktop,117.0,2014
i3-4170,3.7,22,Desktop,117.0,2015
i3-4170T,3.2,22,Desktop,117.0,2015
i3-4158U,2.0,22,Mobile,315.0,2013
i3-4120U,2.0,22,Mobile,281.0,2014
i3-4112E,1.8,22,Embedded,225.0,2014
i3-4110M,2.6,22,Mobile,225.0,2014
i3-4110E,2.6,22,Embedded,225.0,2014
i3-4102E,1.6,22,Embedded,225.0,2013
i3-4100M,2.5,22,Mobile,225.0,2013
i3-4100U,1.8,22,Mobile,281.0,2013
i3-4100E,2.4,22,Embedded,225.0,2013
i3-4370T,3.3,22,Desktop,138.0,2015
i3-4370,3.8,22,Desktop,142.5,2014
i3-4360T,3.2,22,Desktop,138.0,2014
i3-4360,3.7,22,Desktop,142.5,2014
i3-4350T,3.1,22,Desktop,138.0,2014
i3-4350,3.6,22,Desktop,142.5,2014
i3-4340,3.6,22,Desktop,153.0,2013
i3-4330TE,2.4,22,Embedded,122.0,2013
i3-4340TE,2.6,22,Embedded,138.0,2014
i3-4330T,3.0,22,Desktop,138.0,2013
SL9380,1.8,45,Mobile,247.0,2008
SL9400,1.86,45,Mobile,247.0,2008
P8400,2.26,45,Mobile,205.0,2008
P8600,2.4,45,Mobile,211.0,2008
P8800,2.66,45,Mobile,253.0,2009
P9500,2.53,45,Mobile,364.0,2008
i3-4330,3.5,22,Desktop,142.5,2013
E7300,2.66,45,Desktop,117.0,2008
E7400,2.8,45,Desktop,117.5,2008
E7500,2.93,45,Desktop,125.0,2009
E7600,3.06,45,Desktop,147.0,2009
E8400,3.0,45,Desktop,164.0,2008
E8500,3.16,45,Desktop,200.0,2008
E8600,3.33,45,Desktop,285.0,2008
Q8200,2.33,45,Desktop,179.0,2008
Q8200S,2.33,45,Desktop,232.0,2009
Q8300,2.5,45,Desktop,179.0,2008
Q8400,2.66,45,Desktop,179.0,2009
Q8400S,2.66,45,Desktop,232.0,2009
Q9000,2.0,45,Mobile,364.0,2009
Q9300,2.5,45,Desktop,200.0,2008
Q9400,2.66,45,Desktop,190.0,2008
Q9400S,2.66,45,Desktop,254.0,2009
Q9505,2.83,45,Desktop,234.0,2009
Q9550,2.83,45,Desktop,287.0,2008
Q9550S,2.83,45,Desktop,340.0,2009
Q9650,3.0,45,Desktop,339.0,2008
i3-330E,2.13,32,Mobile,138.0,2010
i3-330M,2.13,32,Mobile,177.0,2010
i3-530,2.93,32,Desktop,117.0,2010
i3-540,3.06,32,Desktop,113.0,2010
i3-550,3.2,32,Desktop,117.0,2010
i5-520E,2.4,32,Embedded,210.0,2010
i5-520M,2.4,32,Mobile,218.5,2010
i5-540M,2.53,32,Mobile,269.0,2010
i5-650,3.2,32,Desktop,177.0,2010
i5-655K,3.2,32,Desktop,177.0,2010
i5-660,3.33,32,Desktop,185.0,2010
i5-661,3.33,32,Desktop,177.0,2010
i5-670,3.46,32,Desktop,305.0,2010
i5-750,2.66,45,Desktop,203.0,2009
i5-750S,2.4,45,Desktop,279.0,2010
i5-760,2.8,45,Desktop,213.0,2010
i7-620LE,2.0,32,Embedded,247.0,2010
i7-620M,2.66,32,Mobile,250.0,2010
i7-620UE,1.06,32,Embedded,248.0,2010
i7-660UE,1.33,32,Mobile,248.0,2010
i7-740QM,1.73,45,Mobile,380.0,2010
i7-840QM,1.86,45,Mobile,570.0,2010
i7-860S,2.53,45,Desktop,362.0,2010
i7-870,2.93,45,Desktop,305.0,2009
i7-875K,2.93,45,Desktop,353.0,2010
i7-930,2.8,45,Desktop,305.0,2010
i7-940,2.93,45,Desktop,555.0,2008
i7-950,3.06,45,Desktop,305.0,2009
i7-960,3.2,45,Desktop,305.0,2009
i7-970,3.2,32,Desktop,594.0,2010
i7-980,3.33,32,Desktop,594.0,2011
i3-560,3.33,32,Desktop,117.0,2010
i5-680,3.6,32,Desktop,305.0,2010
i7-610E,2.53,32,Mobile,232.0,2010
i7-720QM,1.6,45,Mobile,380.0,2009
i7-860,2.8,45,Desktop,281.0,2009
i7-920,2.66,45,Desktop,305.0,2008
i3-2100,3.1,32,Desktop,120.0,2011
i3-2100T,2.5,32,Desktop,132.0,2011
i3-2105,3.1,32,Desktop,134.0,2011
i3-2120,3.3,32,Desktop,115.0,2011
i3-2120T,2.6,32,Desktop,121.0,2011
i3-2125,3.3,32,Desktop,139.0,2011
i3-2130,3.4,32,Desktop,117.0,2011
i3-2310E,2.1,32,Embedded,187.0,2011
i3-2330E,2.2,32,Mobile,187.0,2011
i3-2340UE,1.3,32,Embedded,209.0,2011
i3-2367M,1.4,32,Mobile,250.0,2011
i5-2300,2.8,32,Desktop,187.0,2011
i5-2320,3.0,32,Desktop,177.0,2011
i5-2380P,3.1,32,Desktop,187.0,2012
i5-2400,3.1,32,Desktop,174.0,2011
i5-2450P,3.2,32,Desktop,205.0,2012
i5-2510E,2.5,32,Mobile,236.0,2011
i5-2515E,2.5,32,Embedded,250.0,2011
i5-2540M,2.6,32,Mobile,269.0,2011
i5-2550K,3.4,32,Desktop,235.0,2012
i7-2600,3.4,32,Desktop,261.0,2011
i7-2610UE,1.5,32,Embedded,280.0,2011
i7-2655LE,2.2,32,Embedded,306.0,2011
i7-2715QE,2.1,32,Embedded,295.0,2011
i7-2710QE,2.1,32,Mobile,295.0,2011
i7-2760QM,2.4,32,Mobile,378.0,2011
i7-2860QM,2.5,32,Mobile,568.0,2011
i7-2820QM,2.3,32,Mobile,570.0,2011
i3-3110M,2.4,22,Mobile,225.0,2012
i3-3115C,2.5,22,Embedded,293.0,2013
i3-3120M,2.5,22,Mobile,225.0,2012
i3-3120ME,2.4,22,Embedded,199.0,2012
i3-3210,3.2,22,Desktop,117.0,2013
i3-3217U,1.8,22,Mobile,225.0,2012
i3-3217UE,1.6,22,Embedded,221.0,2012
i3-3220,3.3,22,Desktop,114.5,2012
i3-3220T,2.8,22,Desktop,117.0,2012
i3-3225,3.3,22,Desktop,134.0,2012
i3-3227U,1.9,22,Mobile,225.0,2013
i3-3240,3.4,22,Desktop,117.0,2012
i3-3245,3.4,22,Desktop,139.0,2013
i3-3240T,2.9,22,Desktop,117.0,2012
i3-3250,3.5,22,Desktop,117.0,2013
i5-3210M,2.5,22,Mobile,225.0,2012
i3-3250T,3.0,22,Desktop,117.0,2013
i5-3230M,2.6,22,Mobile,225.0,2013
i5-3317U,1.7,22,Mobile,225.0,2012
i5-3320M,2.6,22,Mobile,226.0,2012
i5-3210M,2.5,22,Mobile,225.0,2012
i5-3330,3.0,22,Desktop,184.5,2012
i5-3330S,2.7,22,Desktop,182.0,2012
i5-3337U,1.8,22,Mobile,225.0,2013
i5-3340,3.1,22,Desktop,184.5,2013
i5-3340S,2.8,22,Desktop,184.5,2013
i5-3340M,2.7,22,Mobile,226.0,2013
i5-3350P,3.1,22,Desktop,177.0,2012
i5-3360M,2.8,22,Mobile,267.5,2012
i5-3427U,1.8,22,Mobile,225.0,2012
i5-3380M,2.9,22,Mobile,267.5,2013
i5-3450,3.1,22,Desktop,195.0,2012
i5-3450S,2.8,22,Desktop,189.5,2012
i5-3470,3.2,22,Desktop,189.5,2012
i5-3470T,2.9,22,Desktop,184.0,2012
i5-3475S,2.9,22,Desktop,201.0,2012
i5-3550,3.3,22,Desktop,209.0,2012
i5-3550S,3.0,22,Desktop,197.0,2012
i5-3570,3.4,22,Desktop,213.0,2012
i5-3570K,3.4,22,Desktop,230.0,2012
i5-3570T,2.3,22,Desktop,205.0,2012
i5-3570S,3.1,22,Desktop,205.0,2012
i5-3610ME,2.7,22,Embedded,235.0,2012
i7-3520M,2.9,22,Mobile,346.0,2012
i7-3517UE,1.7,22,Embedded,280.0,2012
i7-3537U,2.0,22,Mobile,346.0,2013
i7-3540M,3.0,22,Mobile,346.0,2013
i7-3555LE,2.5,22,Embedded,306.0,2012
i7-3610QE,2.3,22,Embedded,335.0,2012
i7-3610QM,2.3,22,Mobile,378.0,2012
i7-3612QM,2.1,22,Mobile,378.0,2012
i7-3612QE,2.1,22,Embedded,363.0,2012
i7-3612QM,2.1,22,Mobile,378.0,2012
i7-3615QE,2.3,22,Embedded,335.0,2012
i7-3615QM,2.3,22,Mobile,378.0,2012
i7-3630QM,2.4,22,Mobile,378.0,2012
i7-3632QM,2.2,22,Mobile,378.0,2012
i7-3667U,2.0,22,Mobile,346.0,2012
i7-3687U,2.1,22,Mobile,346.0,2013
i7-3720QM,2.6,22,Mobile,378.0,2012
i7-3770,3.4,22,Desktop,288.5,2012
i7-3740QM,2.7,22,Mobile,379.0,2012
i7-3770K,3.5,22,Desktop,337.0,2012
i7-3770S,3.1,22,Desktop,299.5,2012
i7-3770T,2.5,22,Desktop,294.0,2012
i7-3820QM,2.7,22,Mobile,568.0,2012
i7-3840QM,2.8,22,Mobile,568.0,2012
i7-965,3.2,45,Desktop,990.0,2008
i7-975,3.33,45,Desktop,1059.0,2009
i7-980X,3.33,32,Desktop,1059.0,2010
i7-990X,3.46,32,Desktop,1059.0,2011
D1508,2.2,14,Server,129.0,2015
D1509,1.5,14,Server,156.0,2015
D1517,1.6,14,Server,194.0,2015
D1519,1.5,14,Server,200.0,2016
G2020,2.9,22,Desktop,64.0,2013
G2030,3.0,22,Desktop,64.0,2013
G2020T,2.5,22,Desktop,64.0,2013
G2030T,2.6,22,Desktop,64.0,2013
G2120,3.1,22,Desktop,73.5,2012
G2130,3.2,22,Desktop,78.5,2013
G2140,3.3,22,Desktop,93.0,2013
G4400TE,2.4,14,Embedded,64.0,2015
G4400T,2.9,14,Desktop,64.0,2015
G4400,3.3,14,Desktop,64.0,2015
G4560,3.5,14,Desktop,64.0,2017
G4520,3.6,14,Desktop,89.5,2015
G4500,3.5,14,Desktop,78.5,2015
G4500T,3.0,14,Desktop,75.0,2015
G4560T,2.9,14,Desktop,64.0,2017
G4620,3.7,14,Desktop,89.5,2017
G4600,3.6,14,Desktop,78.5,2017
G4600T,3.0,14,Desktop,75.0,2017
G3220,3.0,22,Desktop,59.0,2013
G3240,3.1,22,Desktop,59.0,2014
G3220T,2.6,22,Desktop,64.0,2013
G3240T,2.7,22,Desktop,64.0,2014
G3250,3.2,22,Desktop,57.0,2014
G3258,3.2,22,Desktop,72.0,2014
G3260,3.3,22,Desktop,64.0,2015
G3250T,2.8,22,Desktop,64.0,2014
G3260T,2.9,22,Desktop,64.0,2015
G3320TE,2.3,22,Embedded,70.0,2013
G3420,3.2,22,Desktop,78.5,2013
G3420T,2.7,22,Desktop,75.0,2013
G3430,3.3,22,Desktop,89.5,2013
G3440,3.3,22,Desktop,78.5,2014
G3440T,2.8,22,Desktop,75.0,2014
G3450,3.4,22,Desktop,78.5,2014
G3450T,2.9,22,Desktop,75.0,2014
G3460,3.5,22,Desktop,78.5,2014
G3460T,3.0,22,Desktop,75.0,2015
G3470,3.6,22,Desktop,86.0,2015
2002E,1.5,22,Embedded,86.0,2014
2950M,2.0,22,Mobile,75.0,2013
2955U,1.4,22,Mobile,107.0,2013
2957U,1.4,22,Mobile,107.0,2013
2970M,2.2,22,Mobile,75.0,2014
2980U,1.6,22,Mobile,107.0,2013
1005M,1.9,22,Mobile,75.0,2013
1007U,1.5,22,Mobile,75.0,2013
1017U,1.6,22,Mobile,75.0,2013
1020E,2.2,22,Embedded,76.0,2013
1020M,2.1,22,Mobile,75.0,2013
1047UE,1.4,22,Embedded,119.0,2013
G530,2.4,32,Desktop,42.0,2011
807UE,1.0,32,Embedded,98.0,2011
B810,1.6,32,Mobile,72.0,2011
827E,1.4,32,Embedded,89.0,2011
B810E,1.6,32,Embedded,72.0,2011
G540,2.5,32,Desktop,41.0,2011
847,1.1,32,Mobile,134.0,2011
847E,1.1,32,Embedded,111.0,2011
G550,2.6,32,Desktop,42.0,2012
G555,2.7,32,Desktop,52.0,2012
B840,1.9,32,Mobile,86.0,2011
E3500,2.7,45,Desktop,52.0,2010
G460,1.8,32,Desktop,37.0,2011
E3400,2.6,45,Desktop,42.0,2010
G465,1.9,32,Desktop,37.0,2012
U3600,1.2,32,Mobile,134.0,2011
E3300,2.5,45,Desktop,47.0,2009
G470,2.0,32,Desktop,37.0,2013
U3405,1.06,32,Mobile,105.0,2010
P4505,1.86,32,Mobile,68.0,2010
E3200,2.4,45,Desktop,47.0,2009
723,1.2,45,Mobile,87.0,2008
E1500,2.2,65,Desktop,47.0,2006
430,1.8,65,Desktop,37.0,2007
927UE,1.5,22,Embedded,95.0,2013
P1053,1.33,45,Embedded,153.0,2010
P4500,1.86,32,Mobile,68.0,2010
T3100,1.9,45,Mobile,62.0,2008
722,1.2,45,Mobile,161.0,2008
E1600,2.4,65,Desktop,58.0,2009
3106,1.7,14,Server,311.0,2017
4108,1.8,14,Server,422.0,2017
4109T,2.0,14,Server,501.0,2017
4110,2.1,14,Server,506.0,2017
4112,2.6,14,Server,478.0,2017
4114T,2.2,14,Server,773.0,2017
4114,2.2,14,Server,699.0,2017
4116,2.1,14,Server,1007.0,2017
5115,2.4,14,Server,1221.0,2017
5118,2.3,14,Server,1273.0,2017
5120,2.2,14,Server,1558.0,2017
5122,3.6,14,Server,1224.0,2017
5120T,2.2,14,Server,1727.0,2017
6126,2.6,14,Server,1776.0,2017
6126F,2.6,14,Server,1931.0,2017
6126T,2.6,14,Server,1865.0,2017
6128,3.4,14,Server,1694.0,2017
6130,2.1,14,Server,1897.0,2017
6130F,2.1,14,Server,2049.0,2017
6130T,2.1,14,Server,1988.0,2017
6132,2.6,14,Server,2111.0,2017
6134M,3.2,14,Server,5217.0,2017
6134,3.2,14,Server,2217.0,2017
6136,3.0,14,Server,2460.0,2017
6138,2.0,14,Server,2615.0,2017
6138F,2.0,14,Server,2767.0,2017
6138T,2.0,14,Server,2742.0,2017
6140,2.3,14,Server,2448.0,2017
6140M,2.3,14,Server,5448.0,2017
6142,2.6,14,Server,2949.0,2017
6142M,2.6,14,Server,5949.0,2017
6144,3.5,14,Server,2925.0,2017
6142F,2.6,14,Server,3101.0,2017
6146,3.2,14,Server,3286.0,2017
6148,2.4,14,Server,3075.0,2017
6148F,2.4,14,Server,3227.0,2017
6150,2.7,14,Server,3358.0,2017
6152,2.1,14,Server,3658.0,2017
6154,3.0,14,Server,3543.0,2017
8153,2.0,14,Server,3115.0,2017
8156,3.6,14,Server,7007.0,2017
8158,3.0,14,Server,7007.0,2017
8160,2.1,14,Server,4705.0,2017
8160F,2.1,14,Server,4856.0,2017
8160T,2.1,14,Server,4936.0,2017
8160M,2.1,14,Server,7704.0,2017
8164,2.0,14,Server,6117.0,2017
8168,2.7,14,Server,5890.0,2017
8170,2.1,14,Server,7408.0,2017
8170M,2.1,14,Server,10409.0,2017
8176,2.1,14,Server,8719.0,2017
8176M,2.1,14,Server,11722.0,2017
8180,2.5,14,Server,10009.0,2017
8180M,2.5,14,Server,13011.0,2017
E7-4830V4,2.0,14,Server,2170.0,2016
E7-4820V4,2.0,14,Server,1502.0,2016
E7-4850V4,2.1,14,Server,3003.0,2016
E7-8860V4,2.2,14,Server,4061.0,2016
E7-8867V4,2.4,14,Server,4672.0,2016
E7-8870V4,2.1,14,Server,4672.0,2016
E7-8880V4,2.2,14,Server,5895.0,2016
E7-8890V4,2.2,14,Server,7174.0,2016
E7-8891V4,2.8,14,Server,6841.0,2016
E7-8893V4,3.2,14,Server,6841.0,2016
E7-8894V4,2.4,14,Server,8898.0,2017
E7-4830V3,2.1,22,Server,2170.0,2015
E7-4820V3,1.9,22,Server,1502.0,2015
E7-4850V3,2.2,22,Server,3003.0,2015
E7-8860V3,2.2,22,Server,4061.0,2015
E7-8867V3,2.5,22,Server,4672.0,2015
E7-8870V3,2.1,22,Server,4672.0,2015
E7-8880V3,2.3,22,Server,5895.0,2015
E7-8880LV3,2.0,22,Server,6063.0,2015
E7-8890V3,2.5,22,Server,7174.0,2015
E7-8891V3,2.8,22,Server,6841.0,2015
E7-8893V3,3.2,22,Server,6841.0,2015
E7-2870V2,2.3,22,Server,4227.0,2014
E7-2880V2,2.5,22,Server,5339.0,2014
E7-2890V2,2.8,22,Server,6451.0,2014
E7-4809V2,1.9,22,Server,1223.0,2014
E7-4820V2,2.0,22,Server,1446.0,2014
E7-4830V2,2.2,22,Server,2059.0,2014
E7-4850V2,2.3,22,Server,2837.0,2014
E7-4860V2,2.6,22,Server,3838.0,2014
E7-4870V2,2.3,22,Server,4394.0,2014
E7-4880V2,2.5,22,Server,5506.0,2014
E7-4890V2,2.8,22,Server,6619.0,2014
E7-8893V2,3.4,22,Server,6841.0,2014
E7-8891V2,3.2,22,Server,6841.0,2014
E7-8890V2,2.8,22,Server,6841.0,2014
E7-8880LV2,2.2,22,Server,5729.0,2014
E7-8880V2,2.5,22,Server,5729.0,2014
E7-8870V2,2.3,22,Server,4616.0,2014
E7-8857V2,3.0,22,Server,3838.0,2014
E7-8850V2,2.3,22,Server,3059.0,2014
E7-2820,2.0,32,Server,1334.0,2011
E7-2830,2.13,32,Server,1779.0,2011
E7-2850,2.0,32,Server,2558.0,2011
E7-2860,2.26,32,Server,3670.0,2011
E7-2870,2.4,32,Server,4227.0,2011
E7-4807,1.86,32,Server,890.0,2011
E7-4820,2.0,32,Server,1446.0,2011
E7-4830,2.13,32,Server,2059.0,2011
E7-4850,2.0,32,Server,2837.0,2011
E7-4860,2.26,32,Server,3838.0,2011
E7-4870,2.4,32,Server,4394.0,2011
E7-8830,2.13,32,Server,2280.0,2011
E7-8837,2.66,32,Server,2280.0,2011
E7-8850,2.0,32,Server,3059.0,2011
E7-8860,2.26,32,Server,4061.0,2011
E7-8867L,2.13,32,Server,4172.0,2011
E7-8870,2.4,32,Server,4616.0,2011
i7-5600U,2.6,14,Mobile,393.0,2015
i7-5650U,2.2,14,Mobile,426.0,2015
i7-5775C,3.3,14,Desktop,371.5,2015
i7-5775R,3.3,14,Desktop,348.0,2015
i7-5700HQ,2.7,14,Mobile,378.0,2015
i7-5700EQ,2.6,14,Embedded,378.0,2015
i7-5750HQ,2.5,14,Mobile,434.0,2015
i7-5850EQ,2.7,14,Embedded,435.0,2015
i7-5850HQ,2.7,14,Mobile,434.0,2015
i7-5950HQ,2.9,14,Mobile,623.0,2015
i7-5500U,2.4,14,Mobile,393.0,2015
M3-6Y30,,14,Mobile,281.0,2015
i3-6098P,3.6,14,Desktop,117.0,2015
i5-6287U,3.1,14,Mobile,304.0,2015
i5-6267U,2.9,14,Mobile,304.0,2015
M3-7Y30,1.0,14,Mobile,281.0,2016
i3-7100H,3.0,14,Mobile,225.0,2017
i3-7100U,2.4,14,Mobile,281.0,2016
i3-7100,3.9,14,Desktop,117.0,2017
i3-7100E,2.9,14,Embedded,225.0,2017
i3-7100T,3.4,14,Desktop,117.0,2017
i3-7101TE,3.4,14,Desktop,117.0,2017
i3-7101E,3.9,14,Desktop,117.0,2017
i3-7102E,2.1,14,Embedded,225.0,2017
i3-7300T,3.5,14,Desktop,142.5,2017
i3-7300,4.0,14,Desktop,142.5,2017
i3-7320,4.1,14,Desktop,153.0,2017
i3-7350K,4.2,14,Desktop,173.5,2017
M3-7Y32,1.1,14,Mobile,281.0,2017
i7-6500U,2.5,14,Mobile,393.0,2015
i7-6600U,2.6,14,Mobile,393.0,2015
i7-6650U,2.2,14,Mobile,415.0,2015
i7-6660U,2.4,14,Mobile,415.0,2016
i7-6700HQ,2.6,14,Mobile,378.0,2015
i7-6770HQ,2.6,14,Mobile,434.0,2016
i7-6700,3.4,14,Desktop,307.5,2015
i7-6700TE,2.4,14,Embedded,303.0,2015
i7-6700T,2.8,14,Desktop,303.0,2015
i7-6700K,4.0,14,Desktop,344.5,2015
i7-6820EQ,2.8,14,Embedded,378.0,2015
i7-6820HK,2.7,14,Mobile,378.0,2015
i7-6820HQ,2.7,14,Mobile,378.0,2015
i7-6822EQ,2.0,14,Embedded,378.0,2015
i7-6870HQ,2.7,14,Mobile,434.0,2016
i7-6920HQ,2.9,14,Mobile,568.0,2015
i7-6970HQ,2.8,14,Mobile,623.0,2016
i5-6260U,1.8,14,Mobile,304.0,2015
i5-6200U,2.3,14,Mobile,281.0,2015
i5-6300U,2.4,14,Mobile,281.0,2015
i5-6300HQ,2.3,14,Mobile,250.0,2015
i5-6350HQ,2.3,14,Mobile,306.0,2016
i5-6360U,2.0,14,Mobile,304.0,2015
i5-6442EQ,1.9,14,Embedded,250.0,2015
i5-6440HQ,2.6,14,Mobile,250.0,2015
i5-6440EQ,2.7,14,Embedded,250.0,2015
i5-6400T,2.2,14,Desktop,182.0,2015
i5-6400,2.7,14,Desktop,184.5,2015
i5-6402P,2.8,14,Desktop,184.5,2015
i5-6500TE,2.3,14,Embedded,192.0,2015
i5-6500T,2.5,14,Desktop,192.0,2015
i5-6500,3.2,14,Desktop,197.0,2015
i5-6600T,2.7,14,Desktop,213.0,2015
i5-6600K,3.5,14,Desktop,242.5,2015
i5-6600,3.3,14,Desktop,218.5,2015
i3-6006U,2.0,14,Mobile,281.0,2016
i3-6100TE,2.7,14,Embedded,117.0,2015
i3-6100T,3.2,14,Desktop,117.0,2015
i3-6100,3.7,14,Desktop,117.0,2015
i3-6167U,2.7,14,Mobile,304.0,2015
i3-6157U,2.4,14,Mobile,304.0,2016
i3-6102E,1.9,14,Embedded,225.0,2015
i3-6100U,2.3,14,Mobile,281.0,2015
i3-6100H,2.7,14,Mobile,225.0,2015
i3-6320,3.9,14,Desktop,153.0,2015
i3-6300T,3.3,14,Desktop,142.5,2015
i3-6100E,2.7,14,Embedded,225.0,2015
i3-6300,3.8,14,Desktop,142.5,2015
M5-6Y54,1.1,14,Mobile,281.0,2015
M5-6Y57,1.1,14,Mobile,281.0,2015
M7-6Y75,1.2,14,Mobile,393.0,2015
i7-5550U,2.0,14,Mobile,426.0,2015
i7-5557U,3.1,14,Mobile,426.0,2015
